Player,Scores
Andre Drummond\drumman01,-0.2618636329766193
Hassan Whiteside\whiteha01,-0.24765886095646772
Andre Drummond\drumman01,-0.23891350981599568
Rudy Gobert\goberru01,-0.19567096440352227
Anthony Davis\davisan02,-0.19254398203789191
Jonathan Isaac\isaacjo01,-0.19006657669808835
Robert Covington\covinro01,-0.18932248330465296
Jusuf Nurkić\nurkiju01,-0.17839124589220812
Ben Simmons\simmobe01,-0.16220493289222448
Clint Capela\capelca01,-0.16195023457257296
Kristaps Porziņģis\porzikr01,-0.156690232156661
Giannis Antetokounmpo\antetgi01,-0.15477152241211956
Brook Lopez\lopezbr01,-0.1490466544670731
Andre Drummond\drumman01,-0.14134956412967437
Mitchell Robinson\robinmi01,-0.12298683259604914
Myles Turner\turnemy01,-0.11791674374056949
Jonas Valančiūnas\valanjo01,-0.11702306621685388
James Harden\hardeja01,-0.1148930496946553
Kevin Love\loveke01,-0.11427607221103508
Bam Adebayo\adebaba01,-0.11257600862729211
Kawhi Leonard\leonaka01,-0.11172369674115945
Joel Embiid\embiijo01,-0.11145728413626177
John Collins\collijo01,-0.11087603335352492
Kris Dunn\dunnkr01,-0.10869681273382947
Deandre Ayton\aytonde01,-0.10349968179367108
Robert Covington\covinro01,-0.1030984327060398
Robert Covington\covinro01,-0.1003106584586938
DeAndre Jordan\jordade01,-0.10030340493297762
Domantas Sabonis\sabondo01,-0.09495006990045984
Eric Mika\mikaer01,-0.09261347479219983
Jimmy Butler\butleji01,-0.09115927220053455
Luka Dončić\doncilu01,-0.09084877949850523
Joe Chealey\chealjo01,-0.09008517230970936
Fred VanVleet\vanvlfr01,-0.08930296203810417
Karl-Anthony Towns\townska01,-0.0877635872672915
Daniel Gafford\gaffoda01,-0.08715109697808354
Dewayne Dedmon\dedmode01,-0.08507471412255962
Nikola Jokić\jokicni01,-0.08467865067190972
Matisse Thybulle\thybuma01,-0.08227249827665029
James Johnson\johnsja01,-0.07950659298857143
Andrew Wiggins\wiggian01,-0.07838320548584576
Norvel Pelle\pelleno01,-0.07815055034779395
Russell Westbrook\westbru01,-0.0720836535331697
Nikola Vučević\vucevni01,-0.07027059521556467
Julius Randle\randlju01,-0.0689060094156635
LaMarcus Aldridge\aldrila01,-0.06881325955350426
Nerlens Noel\noelne01,-0.0628924519396794
Jarrett Allen\allenja01,-0.061217442791790644
Dejounte Murray\murrade01,-0.058286515423329965
Jaren Jackson Jr.\jacksja02,-0.05708687745072327
Shamorie Ponds\pondssh01,-0.05662270661193902
Jrue Holiday\holidjr01,-0.055812318467499566
Udonis Haslem\hasleud01,-0.05572905357000768
Jordan McRae\mcraejo01,-0.05572905357000768
Derrick Walton\waltode01,-0.05475646459695449
Devontae Cacok\cacokde01,-0.04525469152554229
Dion Waiters\waitedi01,-0.04199262127230041
Jayson Tatum\tatumja01,-0.041542548424514436
Chris Paul\paulch01,-0.04152557671366097
Talen Horton-Tucker\hortota01,-0.04107052342695128
Khris Middleton\middlkh01,-0.040609638519763736
Luka Šamanić\samanlu01,-0.0398490599822553
Marcus Smart\smartma01,-0.039732664599080536
Richaun Holmes\holmeri01,-0.03918477250428487
Dragan Bender\bendedr01,-0.03825409584842154
LeBron James\jamesle01,-0.037923112311131324
Mo Bamba\bambamo01,-0.037511874725174255
Draymond Green\greendr01,-0.03381676431838043
Derrick Favors\favorde01,-0.0335082145857335
Khyri Thomas\thomakh01,-0.03331696081012103
Shabazz Napier\napiesh01,-0.02967845919478418
Jamal Crawford\crawfja01,-0.029189661432137637
Jacob Evans\evansja02,-0.029189661432137637
Jared Harper\harpeja01,-0.029189661432137637
Daryl Macon\maconda01,-0.029189661432137637
J.P. Macura\macurjp01,-0.029189661432137637
Malik Newman\newmama01,-0.029189661432137637
Max Strus\strusma01,-0.029189661432137637
Willie Cauley-Stein\caulewi01,-0.02915035389312992
Justin Anderson\anderju01,-0.02887995493509754
JaVale McGee\mcgeeja01,-0.02810826482294504
Jarrod Uthoff\uthofja01,-0.024414046752987972
Ivica Zubac\zubaciv01,-0.021116005021178164
Luc Mbah a Moute\mbahalu01,-0.02008039984210286
Tyler Cook\cookty01,-0.01779183183116273
Ignas Brazdeikis\brazdig01,-0.017749592377904855
Tristan Thompson\thomptr01,-0.017149087782676875
Kelly Oubre Jr.\oubreke01,-0.01610952133045407
Jakob Poeltl\poeltja01,-0.014450345268462672
Dwight Howard\howardw01,-0.014259466799608655
Pascal Siakam\siakapa01,-0.013207242894396343
Robert Williams\williro04,-0.008077627296632528
Thomas Bryant\bryanth01,-0.007676040731780853
Serge Ibaka\ibakase01,-0.0075435587847692
Daniel Theis\theisda01,-0.00753631033840807
Trevor Ariza\arizatr01,-0.006994697439277053
Kostas Antetokounmpo\antetko01,-0.006558075059968194
Troy Brown Jr.\browntr01,-0.005924751551950269
Alex Len\lenal01,-0.005427042120967673
Justin Robinson\robinju01,-0.005056261831728914
Charlie Brown\brownch02,-0.004825567351673277
Lonzo Ball\balllo01,-0.0025948057751862263
Juan Hernangómez\hernaju01,-0.0008386849338838376
Steven Adams\adamsst01,-0.000531099604990426
Lance Thomas\thomala01,-0.0005285513533752617
Marques Bolden\boldema01,-2.1056068715052945e-05
OG Anunoby\anunoog01,0.0009644352390089095
Antonius Cleveland\clevean01,0.0012695426055691073
Marial Shayok\shayoma01,0.0015085394798672325
Ryan Anderson\anderry01,0.0017864239648758273
Elfrid Payton\paytoel01,0.00211637413656357
Brian Bowen\bowenbr02,0.003441122651515083
Michael Kidd-Gilchrist\kiddgmi01,0.0052492314010954555
Tomáš Satoranský\satorto01,0.005773516008809931
Mikal Bridges\bridgmi01,0.005801014960323092
Tobias Harris\harrito02,0.006170242538386661
Jordan McLaughlin\mclaujo01,0.00622081118074691
Gary Harris\harriga01,0.006709932807297148
Caleb Swanigan\swanica01,0.008027717858602124
Bol Bol\bolbo01,0.008122682728735564
Gabe Vincent\vincega01,0.00850747974942323
Kyle Guy\guyky01,0.008806639814861406
Wendell Carter Jr.\cartewe01,0.009138184862758525
Maxi Kleber\klebima01,0.009187869901343848
Juwan Morgan\morgaju01,0.009304393342697337
Ian Mahinmi\mahinia01,0.00957394344729734
Skal Labissière\labissk01,0.009813773775009527
Paul George\georgpa01,0.010046992391116283
Ricky Rubio\rubiori01,0.01047151723448353
Willie Cauley-Stein\caulewi01,0.010758327221395358
Marvin Bagley III\baglema01,0.011213943394164871
Adam Mokoka\mokokad01,0.012402120976669317
Zhaire Smith\smithzh01,0.012402120976669317
Tacko Fall\fallta01,0.012425796837739145
Goga Bitadze\bitadgo01,0.012533856652849729
Bismack Biyombo\biyombi01,0.013333437203256637
John Henson\hensojo01,0.013816507563920832
C.J. Miles\milescj01,0.014195067315100063
Aaron Gordon\gordoaa01,0.01445336788992041
Jarrod Uthoff\uthofja01,0.014506505369947909
Chasson Randle\randlch01,0.015364677181464781
Montrezl Harrell\harremo01,0.015490837704507321
Solomon Hill\hillso01,0.015516961278154662
Jordan Bone\bonejo01,0.015612578615637918
Allen Crabbe\crabbal01,0.01585503976906838
John Henson\hensojo01,0.015889186778332454
De'Aaron Fox\foxde01,0.01601803524256662
James Johnson\johnsja01,0.016253345911516892
Andre Iguodala\iguodan01,0.016716610056213776
Shai Gilgeous-Alexander\gilgesh01,0.016744875715700103
Vlatko Čančar\cancavl01,0.01697763597869345
Marc Gasol\gasolma01,0.017111991983395525
Rajon Rondo\rondora01,0.017295007389302064
Drew Eubanks\eubandr01,0.01800821643363626
Zach LaVine\lavinza01,0.01814082789523752
Danilo Gallinari\gallida01,0.018331344854446985
Corey Brewer\breweco01,0.018625840176931086
Amile Jefferson\jeffeam01,0.019395567147898418
Justin Holiday\holidju01,0.01941102555266383
D'Angelo Russell\russeda01,0.019701657844362563
Bruno Caboclo\cabocbr01,0.019813185814946566
Chris Boucher\bouchch01,0.019905035316210018
Donta Hall\halldo01,0.019910221820618634
Robin Lopez\lopezro01,0.020217625740285017
Trae Young\youngtr01,0.020434674335629954
Damion Lee\leeda03,0.02080522568504295
Kyle O'Quinn\oquinky01,0.021057674166146012
William Howard\howarwi01,0.021079334397348326
Trey Burke\burketr01,0.021318149257320784
Patrick McCaw\mccawpa01,0.021318149257320784
Al Horford\horfoal01,0.022320656835870034
Markelle Fultz\fultzma01,0.022799899001078594
Jarrod Uthoff\uthofja01,0.023421994551126202
Gorgui Dieng\dienggo01,0.02354198138999214
Tyler Cook\cookty01,0.02366373408574035
Jonah Bolden\boldejo01,0.024137442305792345
Tariq Owens\owensta01,0.024137442305792345
Jordan Bell\belljo01,0.024927874472045086
Gordon Hayward\haywago01,0.025013307026929776
Jalen Lecque\lecquja01,0.02556111603267941
Bruno Caboclo\cabocbr01,0.02602383864798935
Marquese Chriss\chrisma01,0.026268885987699664
Melvin Frazier\frazime01,0.028300778098264368
Kyle Lowry\lowryky01,0.02855064459795781
Josh Richardson\richajo01,0.029063562836050272
Jaxson Hayes\hayesja02,0.029088747063443277
Isaiah Roby\robyis01,0.02954469781161101
Noah Vonleh\vonleno01,0.02954469781161101
Jae Crowder\crowdja01,0.029569986018834538
Jahlil Okafor\okafoja01,0.030055453570793422
Henry Ellenson\ellenhe01,0.03017252617860583
Stanton Kidd\kiddst01,0.03017252617860583
Justin Patton\pattoju01,0.03017252617860583
Christian Wood\woodch01,0.03037951992863752
Alec Burks\burksal01,0.030427351754788945
Gary Clark\clarkga01,0.030481023786426642
Nicolas Claxton\claxtni01,0.030481023786426642
Danny Green\greenda02,0.03059759851081706
Vincent Poirier\poirivi01,0.030798146896926615
Jae Crowder\crowdja01,0.031137024702549032
Brandon Ingram\ingrabr01,0.031222954954995275
Josh Hart\hartjo01,0.03155549857439327
Dante Exum\exumda01,0.03243151135856076
Jonah Bolden\boldejo01,0.03252462776377546
Andre Roberson\roberan03,0.03253316384545185
Derrick White\whitede01,0.032551418802467535
Luke Kornet\kornelu01,0.03331194909641505
Justin James\jamesju01,0.033393508467122135
Malik Beasley\beaslma01,0.03402436299167938
Shabazz Napier\napiesh01,0.034282467854116594
De'Anthony Melton\meltode01,0.034434698113616824
Kyle Alexander\alexaky01,0.034531113990675544
Josh Gray\grayjo01,0.034531113990675544
Dusty Hannahs\hannadu01,0.034531113990675544
Zach Norvell\norveza01,0.034531113990675544
Josh Reaves\reavejo02,0.034531113990675544
Jarred Vanderbilt\vandeja01,0.034531113990675544
Tyler Zeller\zellety01,0.034531113990675544
Caleb Swanigan\swanica01,0.03464220791422096
Thaddeus Young\youngth01,0.034766547781050816
DeAndre' Bembry\bembrde01,0.0349898209786908
Gary Clark\clarkga01,0.035897155087777466
Aron Baynes\baynear01,0.036077162079180325
Andrew Wiggins\wiggian01,0.03630620966131981
Willie Cauley-Stein\caulewi01,0.037712084983593075
Johnathan Williams\willijo04,0.03797126990497801
Trevor Ariza\arizatr01,0.03798543477223737
Kyrie Irving\irvinky01,0.03814875595254791
Justise Winslow\winslju01,0.0383355360366856
Marco Belinelli\belinma01,0.03885319102282936
Alex Len\lenal01,0.039077085750000795
Enes Kanter\kanteen01,0.039260845447827486
Jaylen Brown\brownja02,0.03967914397281147
Jerami Grant\grantje01,0.03984074324553405
Gary Clark\clarkga01,0.040233965436106855
D.J. Augustin\augusdj01,0.0403321717240116
Rayjon Tucker\tuckera01,0.04056600778458963
Allonzo Trier\trieral01,0.04067041255052478
Jabari Parker\parkeja01,0.0407047826458134
Zach Norvell\norveza01,0.04082491488796963
John Henson\hensojo01,0.040855489186764515
Jordan Bell\belljo01,0.0409118465118094
D.J. Wilson\wilsodj01,0.04164217750370708
P.J. Washington\washipj01,0.04196748762911362
Dario Šarić\saricda01,0.04215189738592323
Larry Nance Jr.\nancela02,0.04230233648761356
Caris LeVert\leverca01,0.04232859556214602
Matt Thomas\thomama02,0.04243291209359068
Kadeem Allen\allenka01,0.04254468379229304
Thon Maker\makerth01,0.043048487565048754
Johnathan Motley\motlejo01,0.04320335949074783
Nemanja Bjelica\bjeline01,0.043305490966677074
Tyler Cook\cookty01,0.04363742161629941
Derrick Walton\waltode01,0.04363742161629941
Troy Daniels\danietr01,0.04377079255454874
Paul Watson\watsopa01,0.04377079255454874
Kevin Hervey\herveke01,0.043782805859598484
Donte DiVincenzo\divindo01,0.04386942428392393
James Johnson\johnsja01,0.04394281268594469
Michael Carter-Williams\cartemi01,0.044122783154465384
Moses Brown\brownmo01,0.04412444542962224
Dewan Hernandez\hernade01,0.04455347362731504
Tony Bradley\bradlto01,0.044604719500515644
Dewayne Dedmon\dedmode01,0.045140017305843605
JaMychal Green\greenja01,0.04517784782095291
Louis King\kinglo02,0.045245627404712885
Juan Hernangómez\hernaju01,0.045278238599009035
P.J. Tucker\tuckepj01,0.04560113041210334
Justin Wright-Foreman\wrighju02,0.04594346809469274
Jerian Grant\grantje02,0.04608899810639672
DeMar DeRozan\derozde01,0.04686088314928033
Gorgui Dieng\dienggo01,0.04700636641389283
Patrick Patterson\pattepa01,0.04700882611536733
Alex Caruso\carusal01,0.0472005708642822
Gary Payton II\paytoga02,0.047212957394523025
Collin Sexton\sextoco01,0.04750128213827104
Will Barton\bartowi01,0.047754166171104895
J.R. Smith\smithjr01,0.047895914932944095
Meyers Leonard\leoname01,0.047920070414114335
Dion Waiters\waitedi01,0.04815775698340341
Bryn Forbes\forbebr01,0.04846970592664379
Delon Wright\wrighde01,0.04851164763195498
Vic Law\lawvi01,0.04865726520664648
Zach Norvell\norveza01,0.04880911674415478
Kent Bazemore\bazemke01,0.04897693563687938
Bruno Caboclo\cabocbr01,0.04905822788359776
Matthew Dellavedova\dellama01,0.04906525959764002
Derrick Walton\waltode01,0.04913084351246638
Michael Frazier\frazimi01,0.049294779523649634
Jae Crowder\crowdja01,0.049365073112780045
Trey Burke\burketr01,0.04945084768044722
Jarrett Culver\culveja01,0.04946127389609917
Caleb Swanigan\swanica01,0.049486413870772905
Jaylen Hoard\hoardja01,0.049550237811347486
Kent Bazemore\bazemke01,0.04960651690677387
Damian Jones\jonesda03,0.04966549026301237
Wenyen Gabriel\gabriwe01,0.04975956319496855
Matt Mooney\moonema01,0.0499640819233334
Brandon Clarke\clarkbr01,0.0503929018480449
Donta Hall\halldo01,0.050395393129738786
Carmelo Anthony\anthoca01,0.05045691378213152
Lauri Markkanen\markkla01,0.05045691378213152
Royce O'Neale\onealro01,0.05045691378213152
Andrew Wiggins\wiggian01,0.050529700351712614
Džanan Musa\musadz01,0.05102113306344863
Malcolm Miller\millema01,0.051089492030905514
Nigel Williams-Goss\willini01,0.05117628305974353
Courtney Lee\leeco01,0.05118039560267473
Gorgui Dieng\dienggo01,0.05122699107175277
B.J. Johnson\johnsbj01,0.051313408809433025
Taurean Prince\princta02,0.05149788383016224
Alex Len\lenal01,0.05160499778710603
Quinn Cook\cookqu01,0.05182336456418374
Jeremy Pargo\pargoje01,0.051917698240693144
Tyus Jones\jonesty01,0.0519269603401063
Naz Reid\reidna01,0.052024534051468285
Keita Bates-Diop\bateske01,0.05231319169112114
Tremont Waters\watertr01,0.052618570903504025
Chris Silva\silvach01,0.053021317461800166
Dewayne Dedmon\dedmode01,0.05362208921623007
Michael Kidd-Gilchrist\kiddgmi01,0.05374978206717923
DeMarre Carroll\carrode01,0.0538553369657368
Derrick Jones Jr.\jonesde02,0.054016577029621815
Romeo Langford\langfro01,0.05403930629295123
Trevor Ariza\arizatr01,0.05463422854081906
Kent Bazemore\bazemke01,0.05469571550048574
Terrance Ferguson\fergute01,0.05470452840585288
Dragan Bender\bendedr01,0.05507796849623381
Jarrell Brantley\brantja01,0.05554895311993435
Jordan Bell\belljo01,0.05578148232305902
Miles Bridges\bridgmi02,0.05590070917145579
T.J. Warren\warretj01,0.05600117034834856
Bradley Beal\bealbr01,0.056198099334157814
David Nwaba\nwabada01,0.056318193279038364
Rui Hachimura\hachiru01,0.05634151133235754
Trey Lyles\lylestr01,0.0563468221255185
Coby White\whiteco01,0.05644744771055654
Devon Hall\hallde01,0.05647057129556671
Mfiondu Kabengele\kabenmf01,0.056539236187260866
Maurice Harkless\harklma01,0.05692139070622931
Jeremiah Martin\martije02,0.05729150359502139
Evan Fournier\fournev01,0.05758762050150762
Norman Powell\powelno01,0.05815364479916024
Jonah Bolden\boldejo01,0.058397880033053795
Jacob Evans\evansja02,0.058417693101037726
Jabari Parker\parkeja01,0.05892541686955588
Patty Mills\millspa02,0.05973393870468352
Boban Marjanović\marjabo01,0.059959867354181184
Thanasis Antetokounmpo\antetth01,0.06016310670853159
Josh Magette\magetjo01,0.06016310670853159
Jaylen Nowell\nowelja01,0.06072935238752264
Luguentz Dort\dortlu01,0.060957967761159026
Rudy Gay\gayru01,0.06138863300084085
Chimezie Metu\metuch01,0.06170028550016332
Alen Smailagić\smailal01,0.06170028550016332
Darius Bazley\bazleda01,0.061763581729519235
Jeremy Lamb\lambje01,0.06183849515041473
Chris Chiozza\chiozch01,0.06267470044258172
KZ Okpala\okpalkz01,0.06281347526592407
Kyle Anderson\anderky01,0.06316156596706896
Marcus Morris\morrima03,0.06326523121389721
Shabazz Napier\napiesh01,0.06394977254771167
Jacob Evans\evansja02,0.06409535264390692
Oshae Brissett\brissos01,0.06450155283511039
Troy Daniels\danietr01,0.06450155283511039
Avery Bradley\bradlav01,0.06457438884619982
Deonte Burton\burtode02,0.06473392624787722
Dean Wade\wadede01,0.06473392624787722
Reggie Bullock\bullore01,0.06486386444485503
Bojan Bogdanović\bogdabo02,0.06524095649202738
Troy Daniels\danietr01,0.06529660827057143
Torrey Craig\craigto01,0.06530907094084915
Dion Waiters\waitedi01,0.06530907094084915
Mychal Mulder\muldemy01,0.06563428831874135
Jarred Vanderbilt\vandeja01,0.06582832165417729
Quinndary Weatherspoon\weathqu01,0.06582832165417729
Gary Trent Jr.\trentga02,0.06591552393413475
Chris Clemons\clemoch01,0.06603317610980408
Tim Frazier\fraziti01,0.06622790591244981
Paul Millsap\millspa01,0.06628013147997114
Dwight Powell\poweldw01,0.06628013147997114
Jordan McRae\mcraejo01,0.06707789837664774
Jarred Vanderbilt\vandeja01,0.06841869422058211
Keldon Johnson\johnske04,0.06846785612393808
Dāvis Bertāns\bertada01,0.06868180138408214
Patrick Beverley\beverpa01,0.06868456545143359
Donovan Mitchell\mitchdo01,0.0690254752673346
Terry Rozier\roziete01,0.0690254752673346
Otto Porter\porteot01,0.0693467929098906
Bogdan Bogdanović\bogdabo01,0.06968766995203607
Shaquille Harrison\harrish01,0.06995002866372257
Stanley Johnson\johnsst04,0.07036303191610249
Cam Reddish\reddica01,0.07051494647260287
Danuel House\houseda01,0.07094131869578374
Ky Bowman\bowmaky01,0.07099478830343064
CJ McCollum\mccolcj01,0.07099699441039259
Mason Plumlee\plumlma01,0.0714659167459828
Bruce Brown\brownbr01,0.07156180305774712
Admiral Schofield\schofad01,0.07161463268661672
Terrence Ross\rosste01,0.07170792982973806
Josh Okogie\okogijo01,0.0719650791035697
Stephen Curry\curryst01,0.07203911184931511
Mike Conley\conlemi01,0.07210761527085036
Sterling Brown\brownst02,0.07251018697824091
Tim Hardaway Jr.\hardati02,0.07251018697824091
Chandler Parsons\parsoch01,0.07298914466799611
Chris Chiozza\chiozch01,0.07299690567644468
Malcolm Brogdon\brogdma01,0.07303485696020479
Joe Ingles\inglejo01,0.07309786469013713
Victor Oladipo\oladivi01,0.07309786469013713
Doug McDermott\mcderdo01,0.07351113808549042
Amir Coffey\coffeam01,0.07379165353124328
Yuta Watanabe\watanyu01,0.07379165353124328
Edmond Sumner\sumneed01,0.07379536807003378
Yogi Ferrell\ferreyo01,0.07383971312686788
Raul Neto\netora01,0.07383971312686788
Devonte' Graham\grahade01,0.07393752308544604
Damian Lillard\lillada01,0.07394922682127414
George Hill\hillge01,0.07406908581338956
Darius Garland\garlada01,0.07464353050687061
D'Angelo Russell\russeda01,0.07488949114114452
Alize Johnson\johnsal02,0.07490256956995822
Dragan Bender\bendedr01,0.0751097554645655
Buddy Hield\hieldbu01,0.07545851225045369
Jamal Murray\murraja01,0.07555927151303188
Wenyen Gabriel\gabriwe01,0.07621714320411083
Mike Scott\scottmi01,0.07650893546187382
RJ Barrett\barrerj01,0.07694133357720151
Malik Beasley\beaslma01,0.0770636386781482
Kevin Huerter\huertke01,0.07725021611492722
Anthony Tolliver\tollian01,0.07742323529154144
Zach Collins\colliza01,0.07777525522813844
Kelan Martin\martike03,0.07779580685226473
Marcus Morris\morrima03,0.07781476195400927
Naz Mitrou-Long\mitrona01,0.07791080794963962
Jeff Green\greenje02,0.07792368441417319
Trey Burke\burketr01,0.07798154921219053
Caleb Martin\martica02,0.07806409277554255
Sindarius Thornwell\thornsi01,0.07879742768460252
J.J. Barea\bareajo01,0.07888837787103986
Harrison Barnes\barneha02,0.07889561237971182
Cody Zeller\zelleco01,0.07947099359212534
Tyson Chandler\chandty01,0.07991809073014583
Jevon Carter\carteje01,0.079984071454763
Alec Burks\burksal01,0.08008047813090469
Solomon Hill\hillso01,0.08016863833568871
Mike Muscala\muscami01,0.0803258842996768
Willy Hernangómez\hernawi01,0.08051840074988414
Marcus Morris\morrima03,0.08071270122830532
Justin Jackson\jacksju01,0.08091924270253731
Wenyen Gabriel\gabriwe01,0.0809335014045634
Miye Oni\onimi01,0.08143200492608177
Frank Ntilikina\ntilila01,0.08153665841203317
Pat Connaughton\connapa01,0.08166974444782071
Joakim Noah\noahjo01,0.0820429397482284
Joe Harris\harrijo01,0.08208436593000346
Marvin Williams\willima02,0.0827363323147553
Tyler Herro\herroty01,0.082832087901071
Garrison Mathews\mathega01,0.0830649845134348
Anthony Tolliver\tollian01,0.0830649845134348
Malik Beasley\beaslma01,0.08346977323619525
Dennis Schröder\schrode01,0.08355794633246144
Dillon Brooks\brookdi01,0.08358998302879361
Brad Wanamaker\wanambr01,0.08359819078193598
Ty Jerome\jeromty01,0.08360644828020836
Theo Pinson\pinsoth01,0.08360644828020836
Iman Shumpert\shumpim01,0.08371583264672966
Eric Bledsoe\bledser01,0.08381933708278577
Kelly Olynyk\olynyke01,0.08406421236347394
Chris Chiozza\chiozch01,0.08409009019822078
Frank Mason III\masonfr01,0.08409009019822078
Grant Williams\willigr01,0.08414564970525873
Cameron Payne\payneca01,0.08427601942016816
Juan Hernangómez\hernaju01,0.08428462296943684
Luke Kennard\kennalu01,0.08428462296943684
Maurice Harkless\harklma01,0.08444377627108185
Evan Turner\turneev01,0.08446155289157142
Al-Farouq Aminu\aminual01,0.08446286129940106
Cheick Diallo\diallch01,0.08448352064002906
Juan Toscano-Anderson\toscaju01,0.08480583338306036
Sviatoslav Mykhailiuk\mykhasv01,0.084884874773629
Kentavious Caldwell-Pope\caldwke01,0.08516185893482647
Monte Morris\morrimo01,0.08516185893482647
Michael Kidd-Gilchrist\kiddgmi01,0.08564001597994536
Rodney Hood\hoodro01,0.0856624510143082
Cedi Osman\osmande01,0.0856624510143082
Dorian Finney-Smith\finnedo01,0.08567318151504216
Jake Layman\laymaja01,0.08572254527461154
Marvin Williams\willima02,0.0858500210738804
Blake Griffin\griffbl01,0.08591589180213788
Abdel Nader\naderab01,0.08619200215552358
Michael Porter Jr.\portemi01,0.08625286497059187
Kemba Walker\walkeke02,0.08657115457566872
Jared Dudley\dudleja01,0.0870109517496811
Frank Jackson\jacksfr01,0.0870109517496811
Carsen Edwards\edwarca01,0.0873221901640377
Brandon Knight\knighbr03,0.0873221901640377
Terance Mann\mannte01,0.0873221901640377
Kenrich Williams\willike04,0.08742998191196644
Treveon Graham\grahatr01,0.08760910270516598
Marko Guduric\gudurma01,0.08760910270516598
Jerome Robinson\robinje01,0.08760910270516598
Ersan İlyasova\ilyaser01,0.08796534657718252
Elie Okobo\okoboel01,0.0880521937753343
Eric Paschall\pascher01,0.0881006610382084
DaQuan Jeffries\jeffrda01,0.08831927893356317
Anžejs Pasečņiks\pasecan01,0.08852472434757541
Garrett Temple\templga01,0.08860291403422826
Jalen McDaniels\mcdanja01,0.0886032068551762
Bobby Portis\portibo01,0.08868418050207849
Alec Burks\burksal01,0.08879800876042204
Austin Rivers\riverau01,0.08880725803274886
Dwayne Bacon\bacondw01,0.08904909679290801
Brandon Knight\knighbr03,0.08904909679290801
Nicolas Batum\batumni01,0.08940707149933519
Chandler Hutchison\hutchch01,0.08954601352914998
Keita Bates-Diop\bateske01,0.08955790408431785
Eric Gordon\gordoer01,0.08973768221637674
Javonte Green\greenja02,0.09005321471913846
Marvin Williams\willima02,0.0901498563310536
Derrick Rose\rosede01,0.0902801447129194
Seth Curry\curryse01,0.0903130224823615
Tyrone Wallace\wallaty01,0.09063906814056366
Glenn Robinson III\robingl02,0.09072688852440813
D'Angelo Russell\russeda01,0.09072688852440813
Jordan McRae\mcraejo01,0.09078801269363018
Keita Bates-Diop\bateske01,0.09153610442888893
Aaron Holiday\holidaa01,0.09165032518258415
Rodions Kurucs\kurucro01,0.09165980390656725
Reggie Jackson\jacksre01,0.09166209520153457
Taj Gibson\gibsota01,0.09190299569336013
Devin Booker\bookede01,0.09191284611753486
De'Andre Hunter\huntede01,0.09191284611753486
Noah Vonleh\vonleno01,0.09207153964401488
Omari Spellman\spellom01,0.092260653141441
Wilson Chandler\chandwi01,0.09234190048434848
Zylan Cheatham\cheatzy01,0.09240094369025836
Mario Hezonja\hezonma01,0.09244675646392653
Ish Smith\smithis01,0.09264606670461134
Hamidou Diallo\diallha01,0.09274068733496299
Tyler Johnson\johnsty01,0.09305144059912579
Markieff Morris\morrima02,0.09311803302513855
Reggie Jackson\jacksre01,0.09312410074092115
Wesley Matthews\matthwe02,0.09312410074092115
Glenn Robinson III\robingl02,0.09312410074092115
Ja Morant\moranja01,0.09321017302032275
Glenn Robinson III\robingl02,0.09336817438453782
JaKarr Sampson\sampsja02,0.09389694475296029
Isaiah Thomas\thomais02,0.0939374735473183
Kevin Porter Jr.\porteke02,0.09401122085139635
Kendrick Nunn\nunnke01,0.09418308074733062
Dennis Smith Jr.\smithde03,0.09456489368588966
Jeff Teague\teaguje01,0.09456489368588966
Grayson Allen\allengr01,0.09484399393096227
Cory Joseph\josepco01,0.09485315128769461
Nassir Little\littlna01,0.09493868867162791
Isaac Bonga\bongais01,0.09518078387814377
Cody Martin\martico01,0.09522185094660035
Frank Kaminsky\kaminfr01,0.09535244482986738
Solomon Hill\hillso01,0.09542429907063371
Josh Jackson\jacksjo02,0.09550621867828829
Bruno Fernando\fernabr01,0.0955809098083682
Donta Hall\halldo01,0.0955809098083682
Goran Dragić\dragigo01,0.09581075627663838
Vince Carter\cartevi01,0.09585588401900064
Kyle Kuzma\kuzmaky01,0.09630863832927566
Jeff Teague\teaguje01,0.09639597691870039
Jeff Teague\teaguje01,0.09660010040649941
J.J. Redick\redicjj01,0.09662503300746766
Noah Vonleh\vonleno01,0.09662503300746766
James Ennis\ennisja01,0.09714134373784389
Moritz Wagner\wagnemo01,0.09714134373784389
Rondae Hollis-Jefferson\holliro01,0.09720453697500858
Jordan Clarkson\clarkjo01,0.0972679451247862
Khem Birch\birchkh01,0.09756517370151924
Isaiah Hartenstein\harteis01,0.09756517370151924
T.J. McConnell\mccontj01,0.09800211208296122
Lou Williams\willilo02,0.09816270517242304
Cameron Johnson\johnsca02,0.09816487638656174
Nicolò Melli\mellini01,0.09816487638656174
Jeff Green\greenje02,0.09848964889108774
Zion Williamson\willizi01,0.09867957949495937
Brandon Knight\knighbr03,0.09900374815934071
Paul Watson\watsopa01,0.09900374815934071
Harry Giles\gilesha01,0.09906184344363106
Langston Galloway\gallola01,0.09907449827787768
Denzel Valentine\valende01,0.09907449827787768
Jabari Parker\parkeja01,0.09908979006048502
Thabo Sefolosha\sefolth01,0.09925062733879486
Tyler Johnson\johnsty01,0.09946716583043624
John Konchar\konchjo01,0.09946716583043624
Treveon Graham\grahatr01,0.09947025930752901
Rodney McGruder\mcgruro01,0.09947025930752901
Anthony Tolliver\tollian01,0.09947025930752901
Kevon Looney\looneke01,0.09993274249082679
PJ Dozier\doziepj01,0.10014378182900419
Ryan Arcidiacono\arcidry01,0.10024597989551431
Maurice Harkless\harklma01,0.10039167949681721
Reggie Jackson\jacksre01,0.10046557927042099
Jerome Robinson\robinje01,0.10046629951272357
Kevin Knox\knoxke01,0.10051799349009277
Jordan McRae\mcraejo01,0.10059309800660732
Ryan Broekhoff\broekry01,0.10059938358641635
Anthony Tolliver\tollian01,0.10059938358641635
Ante Žižić\zizican01,0.10059938358641635
E'Twaun Moore\mooreet01,0.10086767233785615
Terence Davis\daviste02,0.10095631092352858
Sekou Doumbouya\doumbse01,0.10095631092352858
Jordan Clarkson\clarkjo01,0.100963384478014
Alfonzo McKinnie\mckinal01,0.100963384478014
Ben McLemore\mclembe01,0.100963384478014
Jordan Poole\poolejo01,0.100963384478014
Markieff Morris\morrima02,0.10106692646892473
Allen Crabbe\crabbal01,0.10186363906592605
Tyler Johnson\johnsty01,0.10186363906592605
Georges Niang\niangge01,0.10195724328368788
Semi Ojeleye\ojelese01,0.10195724328368788
Timothé Luwawu-Cabarrot\luwawti01,0.10211490789566047
DeMarre Carroll\carrode01,0.10217382275849007
Markieff Morris\morrima02,0.10228932773992205
Spencer Dinwiddie\dinwisp01,0.10229713738586493
Tony Snell\snellto01,0.10275046533817972
DeMarre Carroll\carrode01,0.10312538904277457
Nickeil Alexander-Walker\alexani01,0.10325220851939099
Dante Exum\exumda01,0.10325220851939099
Paul Watson\watsopa01,0.10330245235848562
Emmanuel Mudiay\mudiaem01,0.10332799011056315
Damyean Dotson\dotsoda01,0.10354960013800707
Lonnie Walker\walkelo01,0.10373331459582885
Jalen Brunson\brunsja01,0.10423402405263338
Cristiano Felício\feliccr01,0.1042990570302636
Jordan Clarkson\clarkjo01,0.10442545371431128
Jeff Green\greenje02,0.10482449802809957
Dante Exum\exumda01,0.10513064366395886
Ed Davis\davised01,0.10587293255432556
Shake Milton\miltosh01,0.1058740454597083
Allen Crabbe\crabbal01,0.10611943999727541
Brandon Goodwin\goodwbr01,0.10611943999727541
Treveon Graham\grahatr01,0.10611943999727541
Anfernee Simons\simonan01,0.10611943999727541
Furkan Korkmaz\korkmfu01,0.10613573208439775
Jerome Robinson\robinje01,0.10626553388912874
Duncan Robinson\robindu01,0.10642541135509354
Wayne Ellington\ellinwa01,0.10668887499721658
T.J. Leaf\leaftj01,0.10668887499721658
Kyle Korver\korveky01,0.1071085998343525
Landry Shamet\shamela01,0.1071085998343525
James Ennis\ennisja01,0.10736925700850364
Malik Monk\monkma01,0.10819110956228878
James Ennis\ennisja01,0.1102244599541844
Wesley Iwundu\iwundwe01,0.1102244599541844
